site,address,method,date,start,end,mean_temp,mean_rhum,max_wspd,total_prcp,notes
Drew,"1070 E Tremont Ave, Bronx, NY",net,5/19/2026,9:10,9:40,22.5,72,5,0,
River,"1086 E 180th St, Bronx, NY",net,5/19/2026,10:17,10:47,24.2,71,9,0,
Hornaday,"851 Hornaday Pl, Bronx, NY",net,5/19/2026,11:14,11:44,25.8,67.5,9,0,
Drew,"1070 E Tremont Ave, Bronx, NY",net,5/19/2026,13:15,13:45,29.2,56,8,0,
River,"1086 E 180th St, Bronx, NY",net,5/19/2026,14:00,14:30,30,53,8,0,
Hornaday,"851 Hornaday Pl, Bronx, NY",net,5/19/2026,14:54,15:24,32.2,45,11,0,
Clayton,"303 W 126th St, New York, NY",bowl,5/29/2026,9:25,10:05,19,52.4,13,0,
Luigi,"227 W 115th St, New York, NY",bowl,5/29/2026,10:05,10:35,18.8,52.8,13,0,
ELG,"237 W 111th St, New York, NY",bowl,5/29/2026,10:35,10:58,18.8,52.7,13,0,
Peaceful,"52 E 117th St, New York, NY",bowl,5/29/2026,11:05,11:30,18.7,53,13,0,sick baby rat. Mistaken for Tom. Several dead rats next day
Lydia,"1665 Park Ave, New York, NY",bowl,5/29/2026,11:20,11:47,18.7,53,13,0,met Alicia. 
Gallo,"1891 Lexington Ave, New York, NY",bowl,5/29/2026,11:35,12:00,18.7,53,13,0,friendly cat. Lady who wanted Roses. Other woman who wanted to come in
Drew,"1070 E Tremont Ave, Bronx, NY",bowl,5/29/2026,15:28,13:25,18.7,53.4,16,0,friendly ducks and goose family
River,"1086 E 180th St, Bronx, NY",bowl,5/29/2026,16:00,14:10,18.6,53.3,16,0,crazy ant colony
Hornaday,"851 Hornaday Pl, Bronx, NY",bowl,5/29/2026,16:30,14:30,18.6,53.3,16,0,
Happiness,2160 Prospect Avenue,bowl,5/29/2026,16:55,14:55,18.5,52.7,16,0,kitten and boy who wanted a flower
Oasis,"1981 Lafontaine Ave, Bronx, NY",bowl,5/29/2026,17:35,15:25,18.4,52.5,16,0,"chickens being picked off by raccoon, they say? Told to watch ""The Beekeeper"""
Clayton,"303 W 126th St, New York, NY",net,6/2/2026,9:00,21:37,20.2,44.9,11,0,woman gawking at cherry tree. Guy peeing on sidewalk
Luigi,"227 W 115th St, New York, NY",net,6/2/2026,10:07,22:38,20.9,41.6,11,0,saw a ground-nesting bee dig into soil in a raised bed!
ELG,"237 W 111th St, New York, NY",net,6/2/2026,10:57,11:45,15,69,5,0,talked to Meredith. Saw cute baby blue jay
Clayton,"303 W 126th St, New York, NY",net,6/2/2026,13:20,14:00,20,42.5,6,0,Marva present
Luigi,"227 W 115th St, New York, NY",net,6/2/2026,14:30,15:03,22,34.5,3,0,
ELG,"237 W 111th St, New York, NY",net,6/2/2026,15:19,15:56,23.4,32.5,11,0,
Happiness,2160 Prospect Avenue,net,6/4/2026,8:36,9:24,19.4,42,0,0,"on bus, heckled by a man for being white. ""You're in the wrong neighborhood. You've got five boroughs"". Black man with MAGA hat. Said that Trump was black (?) and disparaged Mamdani. Would've been frightened if he was not in a wheelchair. Experience at the garden itself was lovely. Used Google translate to help talk to members. A child, Andres, ""helped me"" with catching bees (but I was a good sport about it!)"
BLF,"2485 Belmont Ave, Bronx, NY",net,6/4/2026,9:54,10:32,19.8,50.5,0,0,We're in! Used translate to speak with Aida. I'm free to come by whenever the garden is open.
Oasis,"1981 Lafontaine Ave, Bronx, NY",net,6/4/2026,10:57,11:34,21.4,46.5,0,0,Present for a shipment of mulch/soil (from GreenThumb?)
Happiness,2160 Prospect Avenue,net,6/4/2026,12:26,13:00,23,45.5,5,0,
BLF,"2485 Belmont Ave, Bronx, NY",net,6/4/2026,13:26,14:02,24.8,41,5,0,
Oasis,"1981 Lafontaine Ave, Bronx, NY",net,6/4/2026,14:40,15:15,27.2,28,5,0,"Talked to Winston, the beekeeper."
Gallo,"1891 Lexington Ave, New York, NY",net,6/8/2026,9:25,10:05,17.5,62.5,10,0,
Peaceful,"52 E 117th St, New York, NY",net,6/8/2026,10:09,10:45,18,59,10,0,
Lydia,"1665 Park Ave, New York, NY",net,6/8/2026,10:52,11:30,18.8,53.5,10,0,helped Alicia measure the pollinator garden
Gallo,"1891 Lexington Ave, New York, NY",net,6/8/2026,12:35,13:10,20.6,45,10.8,0,"met Eddie, a member."
Peaceful,"52 E 117th St, New York, NY",net,6/8/2026,13:25,14:00,20.8,43,10.8,0,not a single bee- all shaded at this time
Lydia,"1665 Park Ave, New York, NY",net,6/8/2026,14:08,14:42,22,39.5,7,0,
River,"1086 E 180th St, Bronx, NY",net,6/24/2026,9:25,10:00,18.9,73,9,0,field assistant Xiaonan with me.
Hornaday,"851 Hornaday Pl, Bronx, NY",net,6/24/2026,10:25,11:02,19.2,70.5,9,0,
Krystal,"2093 Vyse Ave, Bronx, NY",net,6/24/2026,11:50,12:30,21.7,59,3,0,backup plan after Drew gate was locked.
River,"1086 E 180th St, Bronx, NY",net,6/24/2026,13:01,13:36,23.6,49,10,0,
Hornaday,"851 Hornaday Pl, Bronx, NY",net,6/24/2026,14:10,14:40,24.8,41,14,0,
Krystal,"2093 Vyse Ave, Bronx, NY",net,6/24/2026,14:48,15:28,25.6,36,14,0,spoke with Fordham alum Angelica
Batey,"504 E 178th St, Bronx, NY",net,6/25/2026,8:15,8:51,20,69,3,0,
Oasis,"1981 Lafontaine Ave, Bronx, NY",net,6/25/2026,8:55,9:32,20,70,4,0,
Happiness,2160 Prospect Avenue,net,6/25/2026,9:50,10:25,20,70,4,0,
Batey,"504 E 178th St, Bronx, NY",net,6/25/2026,11:50,12:27,23.3,56,7,0,
Oasis,"1981 Lafontaine Ave, Bronx, NY",net,6/25/2026,12:55,13:30,25.2,46.5,9,0,
Happiness,2160 Prospect Avenue,net,6/25/2026,13:45,14:20,26.1,45,6,0,
Clayton,"303 W 126th St, New York, NY",bowl,6/28/2026,10:40,10:40,21.4,90,8,0.2,
West123,"116 W 123rd St, New York, NY",bowl,6/28/2026,11:03,11:05,21.4,90,8,0.2,
Gallo,"1891 Lexington Ave, New York, NY",bowl,6/28/2026,11:30,11:31,21.3,90.4,8,0.2,
Lydia,"1665 Park Ave, New York, NY",bowl,6/28/2026,11:45,11:48,21.3,90.4,8,0.2,spoke with Jessie
Peaceful,"52 E 117th St, New York, NY",bowl,6/28/2026,12:02,12:00,21.3,90.4,8,0.2,spoke with Philip
ELG,"237 W 111th St, New York, NY",bowl,6/28/2026,12:35,12:35,21.3,91,8,0.2,
Luigi,"227 W 115th St, New York, NY",bowl,6/28/2026,12:57,12:52,21.3,91,8,0.2,
Carrie,"145 St. Nicholas Ave, New York, NY",bowl,6/28/2026,13:20,10:15,22.2,86.6,6,1.3,"collected 2 days after, not the next day (Due to scheduling). Complained about raccoons eating their crops"
Drew,"1070 E Tremont Ave, Bronx, NY",bowl,6/28/2026,14:17,14:12,22.1,81.5,10,0,"told story of trespasser, GreenThumb woes. Why the lock was changed"
River,"1086 E 180th St, Bronx, NY",bowl,6/28/2026,14:57,14:39,22.2,81.8,7,0,
Krystal,"2093 Vyse Ave, Bronx, NY",bowl,6/28/2026,15:19,15:07,22.2,81.8,7,0,shed robbed
Hornaday,"851 Hornaday Pl, Bronx, NY",bowl,6/28/2026,15:38,15:27,22.1,82.5,7,0,
Happiness,2160 Prospect Avenue,bowl,6/28/2026,16:02,15:47,22.3,81.8,8,0,
Oasis,"1981 Lafontaine Ave, Bronx, NY",bowl,6/28/2026,16:35,16:17,22.3,82.2,8,0,"having BBQ, new guineafowl"
Batey,"504 E 178th St, Bronx, NY",bowl,6/28/2026,16:48,16:32,22.5,81.2,8,0,
West123,"116 W 123rd St, New York, NY",net,6/30/2026,9:25,10:00,23,72,6,0,
ELG,"237 W 111th St, New York, NY",net,6/30/2026,10:27,11:03,23.6,71,6,0,
Clayton,"303 W 126th St, New York, NY",net,6/30/2026,11:26,12:02,24.4,68.5,8,0,Marva present. Another member (name?) Kept giving me treats from the garden
West123,"116 W 123rd St, New York, NY",net,6/30/2026,13:25,14:00,27.2,60,6.1,0,spoke to Chloe and partner about greivances with garden management.
ELG,"237 W 111th St, New York, NY",net,6/30/2026,14:35,15:15,28.9,57,4,0,WFUV reporters there to feature me. Also spoke to Lisi
Clayton,"303 W 126th St, New York, NY",net,6/30/2026,16:15,16:45,30,51.5,12.2,0.2,
Luigi,"227 W 115th St, New York, NY",net,7/8/2026,8:36,9:10,18.3,87,3,0,
Peaceful,"52 E 117th St, New York, NY",net,7/8/2026,9:30,10:01,18.9,87,3,0,"met Ginger, who opened the garden for open hours."
Lydia,"1665 Park Ave, New York, NY",net,7/8/2026,10:07,10:43,19.8,82.5,6,0,
Gallo,"1891 Lexington Ave, New York, NY",net,7/8/2026,10:55,11:30,21.2,75.5,6,0,Met Helene and daughter Talia. Pet Garfield for the first time
Peaceful,"52 E 117th St, New York, NY",net,7/8/2026,12:19,12:55,22.2,72,5,0,open hours. Some community members there
Lydia,"1665 Park Ave, New York, NY",net,7/8/2026,13:45,14:24,24.4,64,0,0,
Gallo,"1891 Lexington Ave, New York, NY",net,7/8/2026,14:34,15:34,26.6,59,3,0,
Luigi,"227 W 115th St, New York, NY",net,7/8/2026,15:25,16:00,26.6,59,3,0,
Drew,"1070 E Tremont Ave, Bronx, NY",net,7/9/2026,10:20,11:00,24.4,75,5,0,met Ivette IRL for the first time.
Drew,"1070 E Tremont Ave, Bronx, NY",net,7/9/2026,13:38,14:10,28.3,67,12,0,"Cloudy. Looked like rain, but it never came"
BLF,"2485 Belmont Ave, Bronx, NY",net,7/10/2026,8:23,20:59,27.8,61.7,12,0,
BLF,"2485 Belmont Ave, Bronx, NY",net,7/10/2026,12:30,13:30,27.4,60,12,0,
