site,address,method,date,start,end
Drew,"1070 E Tremont Ave, Bronx, NY",net,5/19/2026,9:10,9:40
River,"1086 E 180th St, Bronx, NY",net,5/19/2026,10:17,10:47
Hornaday,"851 Hornaday Pl, Bronx, NY",net,5/19/2026,11:14,11:44
Drew,"1070 E Tremont Ave, Bronx, NY",net,5/19/2026,13:15,13:45
River,"1086 E 180th St, Bronx, NY",net,5/19/2026,14:00,14:30
Hornaday,"851 Hornaday Pl, Bronx, NY",net,5/19/2026,14:54,15:24
Clayton,"303 W 126th St, New York, NY",bowl,5/29/2026,9:25,10:05
Luigi,"227 W 115th St, New York, NY",bowl,5/29/2026,10:05,10:35
ELG,"237 W 111th St, New York, NY",bowl,5/29/2026,10:35,10:58
Peaceful,"52 E 117th St, New York, NY",bowl,5/29/2026,11:05,11:30
Lydia,"1665 Park Ave, New York, NY",bowl,5/29/2026,11:20,11:47
Gallo,"1891 Lexington Ave, New York, NY",bowl,5/29/2026,11:35,12:00
Drew,"1070 E Tremont Ave, Bronx, NY",bowl,5/29/2026,15:28,13:25
River,"1086 E 180th St, Bronx, NY",bowl,5/29/2026,16:00,14:10
Hornaday,"851 Hornaday Pl, Bronx, NY",bowl,5/29/2026,16:30,14:30
Happiness,"2160 Prospect Avenue, Bronx, NY",bowl,5/29/2026,16:55,14:55
Oasis,"1981 Lafontaine Ave, Bronx, NY",bowl,5/29/2026,17:35,15:25
Clayton,"303 W 126th St, New York, NY",net,6/2/2026,9:00,21:37
Luigi,"227 W 115th St, New York, NY",net,6/2/2026,10:07,22:38
ELG,"237 W 111th St, New York, NY",net,6/2/2026,10:57,11:45
Clayton,"303 W 126th St, New York, NY",net,6/2/2026,13:20,14:00
Luigi,"227 W 115th St, New York, NY",net,6/2/2026,14:30,15:03
ELG,"237 W 111th St, New York, NY",net,6/2/2026,15:19,15:56
Happiness,"2160 Prospect Avenue, Bronx, NY",net,6/4/2026,8:36,9:24
BLF,"2485 Belmont Ave, Bronx, NY",net,6/4/2026,9:54,10:32
Oasis,"1981 Lafontaine Ave, Bronx, NY",net,6/4/2026,10:57,11:34
Happiness,"2160 Prospect Avenue, Bronx, NY",net,6/4/2026,12:26,13:00
BLF,"2485 Belmont Ave, Bronx, NY",net,6/4/2026,13:26,14:02
Oasis,"1981 Lafontaine Ave, Bronx, NY",net,6/4/2026,14:40,15:15
Gallo,"1891 Lexington Ave, New York, NY",net,6/8/2026,9:25,10:05
Peaceful,"52 E 117th St, New York, NY",net,6/8/2026,10:09,10:45
Lydia,"1665 Park Ave, New York, NY",net,6/8/2026,10:52,11:30
Gallo,"1891 Lexington Ave, New York, NY",net,6/8/2026,12:35,13:10
Peaceful,"52 E 117th St, New York, NY",net,6/8/2026,13:25,14:00
Lydia,"1665 Park Ave, New York, NY",net,6/8/2026,14:08,14:42
River,"1086 E 180th St, Bronx, NY",net,6/24/2026,9:25,10:00
Hornaday,"851 Hornaday Pl, Bronx, NY",net,6/24/2026,10:25,11:02
Krystal,"2093 Vyse Ave, Bronx, NY",net,6/24/2026,11:50,12:30
River,"1086 E 180th St, Bronx, NY",net,6/24/2026,13:01,13:36
Hornaday,"851 Hornaday Pl, Bronx, NY",net,6/24/2026,14:10,14:40
Krystal,"2093 Vyse Ave, Bronx, NY",net,6/24/2026,14:48,15:28
Batey,"504 E 178th St, Bronx, NY",net,6/25/2026,8:15,8:51
Oasis,"1981 Lafontaine Ave, Bronx, NY",net,6/25/2026,8:55,9:32
Happiness,"2160 Prospect Avenue, Bronx, NY",net,6/25/2026,9:50,10:25
Batey,"504 E 178th St, Bronx, NY",net,6/25/2026,11:50,12:27
Oasis,"1981 Lafontaine Ave, Bronx, NY",net,6/25/2026,12:55,13:30
Happiness,"2160 Prospect Avenue, Bronx, NY",net,6/25/2026,13:45,14:20
Clayton,"303 W 126th St, New York, NY",bowl,6/28/2026,10:40,10:40
West123,"116 W 123rd St, New York, NY",bowl,6/28/2026,11:03,11:05
Gallo,"1891 Lexington Ave, New York, NY",bowl,6/28/2026,11:30,11:31
Lydia,"1665 Park Ave, New York, NY",bowl,6/28/2026,11:45,11:48
Peaceful,"52 E 117th St, New York, NY",bowl,6/28/2026,12:02,12:00
ELG,"237 W 111th St, New York, NY",bowl,6/28/2026,12:35,12:35
Luigi,"227 W 115th St, New York, NY",bowl,6/28/2026,12:57,12:52
Carrie,"145 St. Nicholas Ave, Manhattan, NY",bowl,6/28/2026,13:20,10:15
Drew,"1070 E Tremont Ave, Bronx, NY",bowl,6/28/2026,14:17,14:12
River,"1086 E 180th St, Bronx, NY",bowl,6/28/2026,14:57,14:39
Krystal,"2093 Vyse Ave, Bronx, NY",bowl,6/28/2026,15:19,15:07
Hornaday,"851 Hornaday Pl, Bronx, NY",bowl,6/28/2026,15:38,15:27
Happiness,"2160 Prospect Avenue, Bronx, NY",bowl,6/28/2026,16:02,15:47
Oasis,"1981 Lafontaine Ave, Bronx, NY",bowl,6/28/2026,16:35,16:17
Batey,"504 E 178th St, Bronx, NY",bowl,6/28/2026,16:48,16:32
West123,"116 W 123rd St, New York, NY",net,6/30/2026,9:25,10:00
ELG,"237 W 111th St, New York, NY",net,6/30/2026,10:27,11:03
Clayton,"303 W 126th St, New York, NY",net,6/30/2026,11:26,12:02
West123,"116 W 123rd St, New York, NY",net,6/30/2026,13:25,14:00
ELG,"237 W 111th St, New York, NY",net,6/30/2026,14:35,15:15
Clayton,"303 W 126th St, New York, NY",net,6/30/2026,16:15,16:45
Luigi,"227 W 115th St, New York, NY",net,7/8/2026,8:36,9:10
Peaceful,"52 E 117th St, New York, NY",net,7/8/2026,9:30,10:01
Lydia,"1665 Park Ave, New York, NY",net,7/8/2026,10:07,10:43
Gallo,"1891 Lexington Ave, New York, NY",net,7/8/2026,10:55,11:30
Peaceful,"52 E 117th St, New York, NY",net,7/8/2026,12:19,12:55
Lydia,"1665 Park Ave, New York, NY",net,7/8/2026,13:45,14:24
Gallo,"1891 Lexington Ave, New York, NY",net,7/8/2026,14:34,15:34
Luigi,"227 W 115th St, New York, NY",net,7/8/2026,15:25,16:00
Drew,"1070 E Tremont Ave, Bronx, NY",net,7/9/2026,10:20,11:00
Drew,"1070 E Tremont Ave, Bronx, NY",net,7/9/2026,13:38,14:10
BLF,"2485 Belmont Ave, Bronx, NY",net,7/10/2026,8:23,20:59
BLF,"2485 Belmont Ave, Bronx, NY",net,7/10/2026,12:30,13:30
Krystal,"2093 Vyse Ave, Bronx, NY",net,8/10/2026,9:48,10:26
River,"1086 E 180th St, Bronx, NY",net,8/10/2026,10:40,11:20
Drew,"1070 E Tremont Ave, Bronx, NY",net,8/10/2026,12:41,13:18
Krystal,"2093 Vyse Ave, Bronx, NY",net,8/10/2026,14:25,14:58
River,"1086 E 180th St, Bronx, NY",net,8/10/2026,15:04,15:39
Drew,"1070 E Tremont Ave, Bronx, NY",net,8/10/2026,15:45,16:19
Hornaday,"851 Hornaday Pl, Bronx, NY",net,8/11/2026,8:58,9:33
Happiness,"2160 Prospect Avenue, Bronx, NY",net,8/11/2026,9:43,10:16
BLF,"2485 Belmont Ave, Bronx, NY",net,8/11/2026,10:42,11:20
Hornaday,"851 Hornaday Pl, Bronx, NY",net,8/11/2026,12:36,13:13
Happiness,"2160 Prospect Avenue, Bronx, NY",net,8/11/2026,13:50,14:23
Oasis,"1981 Lafontaine Ave, Bronx, NY",net,8/12/2026,9:30,10:05
Batey,"504 E 178th St, Bronx, NY",net,8/12/2026,10:20,10:56
Oasis,"1981 Lafontaine Ave, Bronx, NY",net,8/12/2026,13:04,13:38
Batey,"504 E 178th St, Bronx, NY",net,8/12/2026,13:57,14:32
Lydia,"1665 Park Ave, New York, NY",net,8/14/2026,8:59,9:33
Peaceful,"52 E 117th St, New York, NY",net,8/14/2026,9:50,10:22
Gallo,"1891 Lexington Ave, New York, NY",net,8/14/2026,10:36,11:07
Lydia,"1665 Park Ave, New York, NY",net,8/14/2026,13:00,13:40
Gallo,"1891 Lexington Ave, New York, NY",net,8/14/2026,13:56,14:30
Peaceful,"52 E 117th St, New York, NY",net,8/14/2026,14:33,15:04
Batey,"504 E 178th St, Bronx, NY",bowl,8/16/2026,7:51,9:12
Oasis,"1981 Lafontaine Ave, Bronx, NY",bowl,8/16/2026,8:11,9:23
Happiness,"2160 Prospect Avenue, Bronx, NY",bowl,8/16/2026,8:43,9:48
Hornaday,"851 Hornaday Pl, Bronx, NY",bowl,8/16/2026,9:05,10:02
Krystal,"2093 Vyse Ave, Bronx, NY",bowl,8/16/2026,9:32,10:17
River,"1086 E 180th St, Bronx, NY",bowl,8/16/2026,9:57,10:36
Gallo,"1891 Lexington Ave, New York, NY",bowl,8/16/2026,10:48,11:22
Lydia,"1665 Park Ave, New York, NY",bowl,8/16/2026,11:12,11:51
Peaceful,"52 E 117th St, New York, NY",bowl,8/16/2026,11:30,0:15
ELG,"237 W 111th St, New York, NY",bowl,8/15/2026,8:30,12:01
Luigi,"227 W 115th St, New York, NY",bowl,8/16/2026,12:22,0:38
Carrie,"145 St. Nicholas Ave, Manhattan, NY",bowl,8/16/2026,12:39,0:59
Clayton,"303 W 126th St, New York, NY",bowl,8/16/2026,13:09,13:20
West123,"116 W 123rd St, New York, NY",bowl,8/16/2026,13:38,13:38
Luigi,"227 W 115th St, New York, NY",net,8/19/2026,9:28,10:03
Clayton,"303 W 126th St, New York, NY",net,8/19/2026,10:25,11:01
ELG,"237 W 111th St, New York, NY",net,8/19/2026,11:28,12:02
Luigi,"227 W 115th St, New York, NY",net,8/19/2026,13:35,14:07
Clayton,"303 W 126th St, New York, NY",net,8/19/2026,15:00,15:36
ELG,"237 W 111th St, New York, NY",net,8/19/2026,16:05,16:40
West123,"116 W 123rd St, New York, NY",net,8/20/2026,9:10,9:50
West123,"116 W 123rd St, New York, NY",net,8/20/2026,12:36,13:15
