site,address
BLF,"2485 Belmont Ave, Bronx, NY"
Oasis,"1981 Lafontaine Ave, Bronx, NY"
River,"1086 E 180th St, Bronx, NY"
Happiness,"2160 Prospect Avenue, Bronx, NY"
Drew,"1070 E Tremont Ave, Bronx, NY"
Hornaday,"851 Hornaday Pl, Bronx, NY"
Batey,"504 E 178th St, Bronx, NY"
Krystal,"2093 Vyse Ave, Bronx, NY"
Clayton,"303 W 126th St, New York, NY"
Peaceful,"52 E 117th St, New York, NY"
Gallo,"1891 Lexington Ave, New York, NY"
Carrie,"145 St. Nicholas Ave, New York, NY"
ELG,"237 W 111th St, New York, NY"
Luigi,"227 W 115th St, New York, NY"
West123,"116 W 123rd St, New York, NY"
Lydia,"1665 Park Ave, New York, NY"
